"output_name","study","core_structure","align_samples","source_artifact"
"Vandeputte2021","2021_vandeputte_naturecommunications_flow_timeseries","LIST={original = DATAFRAME(873 x 194), reprocessed = LIST={rdp19 = NULL, rdp16 = NULL}} || LIST={original = DATAFRAME(873 x 194), reprocessed = LIST={rdp19 = NULL, rdp16 = NULL}} || LIST={original = DATAFRAME(222 x 7), reprocessed = LIST={rdp19 = NULL, rdp16 = NULL}} || DATAFRAME(873 x 4) || DATAFRAME(873 x 33)",TRUE,"datasetsfromrepo_validation.RData"
"CvandeVelde2022","2022_cvandevelde_ismecommunications_culturedflowhumanfecal","LIST={original = DATAFRAME(27 x 6), reprocessed = LIST={rdp19 = DATAFRAME(132 x 2), rdp16 = DATAFRAME(132 x 2)}} || LIST={original = DATAFRAME(27 x 6), reprocessed = LIST={rdp19 = DATAFRAME(132 x 2), rdp16 = DATAFRAME(132 x 2)}} || LIST={original = DATAFRAME(6 x 1), reprocessed = LIST={rdp19 = DATAFRAME(134 x 7), rdp16 = DATAFRAME(134 x 7)}} || DATAFRAME(27 x 3) || DATAFRAME(27 x 7)",TRUE,"datasetsfromrepo_validation.RData"
"Vandeputte2017","2017_vandeputte_nature_flow","LIST={original = LIST={rdp19 = DATAFRAME(135 x 193), rdp16 = DATAFRAME(135 x 140)}, nishijima2024 = DATAFRAME(95 x 166), reprocessed = LIST={rdp19 = DATAFRAME(135 x 334), rdp16 = DATAFRAME(135 x 222)}} || LIST={original = LIST={rdp19 = DATAFRAME(135 x 193), rdp16 = DATAFRAME(135 x 140)}, nishijima2024 = DATAFRAME(95 x 166), reprocessed = LIST={rdp19 = DATAFRAME(135 x 334), rdp16 = DATAFRAME(135 x 222)}} || LIST={original = LIST={rdp19 = DATAFRAME(2041 x 14), rdp16 = DATAFRAME(2041 x 7)}, nishijima2024 = DATAFRAME(166 x 1), reprocessed = LIST={rdp19 = DATAFRAME(5173 x 7), rdp16 = DATAFRAME(5173 x 7)}} || DATAFRAME(321 x 11) || DATAFRAME(321 x 56)",TRUE,"datasetsfromrepo_validation.RData"
"Pereira2023","2023_pereira_nature_nervous","LIST={original = LIST={rdp19 = DATAFRAME(107 x 207), rdp16 = DATAFRAME(107 x 144)}, reprocessed = LIST={rdp19 = DATAFRAME(54 x 132), rdp16 = DATAFRAME(54 x 98)}} || LIST={original = LIST={rdp19 = DATAFRAME(107 x 207), rdp16 = DATAFRAME(107 x 144)}, reprocessed = LIST={rdp19 = DATAFRAME(54 x 132), rdp16 = DATAFRAME(54 x 98)}} || LIST={original = LIST={rdp19 = DATAFRAME(2813 x 9), rdp16 = DATAFRAME(2813 x 9)}, reprocessed = LIST={rdp19 = DATAFRAME(1068 x 7), rdp16 = DATAFRAME(1068 x 7)}} || DATAFRAME(107 x 4) || DATAFRAME(165 x 58)",TRUE,"datasetsfromrepo_validation.RData"
"Krawczyk2022","2022_krawczyk_microbiome_tickgeographicaldistributionqpcr","LIST={original = LIST={rdp19 = DATAFRAME(131 x 815), rdp16 = DATAFRAME(131 x 716)}, reprocessed = LIST={rdp19 = DATAFRAME(131 x 809), rdp16 = DATAFRAME(131 x 678)}} || LIST={original = LIST={rdp19 = DATAFRAME(131 x 815), rdp16 = DATAFRAME(131 x 716)}, reprocessed = LIST={rdp19 = DATAFRAME(131 x 809), rdp16 = DATAFRAME(131 x 678)}} || LIST={original = LIST={rdp19 = DATAFRAME(5098 x 17), rdp16 = DATAFRAME(5098 x 17)}, reprocessed = LIST={rdp19 = DATAFRAME(11346 x 7), rdp16 = DATAFRAME(11346 x 7)}} || DATAFRAME(131 x 4) || DATAFRAME(133 x 45)",TRUE,"datasetsfromrepo_validation.RData"
"Liao2021","2021_liao_scientificdata_longitudinalmicrobiomeqpcr_allohct","LIST={original = DATAFRAME(3319 x 512), reprocessed = LIST={rdp19 = DATAFRAME(3318 x 796), rdp16 = DATAFRAME(3318 x 581)}} || LIST={original = DATAFRAME(3319 x 512), reprocessed = LIST={rdp19 = DATAFRAME(3318 x 796), rdp16 = DATAFRAME(3318 x 581)}} || LIST={original = DATAFRAME(512 x 1), reprocessed = LIST={rdp19 = DATAFRAME(86526 x 8), rdp16 = DATAFRAME(59123 x 8)}} || DATAFRAME(3320 x 3) || DATAFRAME(12546 x 9)",TRUE,"datasetsfromrepo_validation.RData"
"Stammler2016","2016_stammler_microbiome_micehuman","LIST={original = DATAFRAME(35 x 59), reprocessed = LIST={rdp19 = NULL, rdp16 = NULL}} || LIST={original = DATAFRAME(35 x 59), reprocessed = LIST={rdp19 = NULL, rdp16 = NULL}} || LIST={original = DATAFRAME(59 x 1), reprocessed = LIST={rdp19 = NULL, rdp16 = NULL}} || DATAFRAME(36 x 4) || DATAFRAME(76 x 46)",TRUE,"datasetsfromrepo_validation.RData"
"Dreier2022","2022_dreier_bmcmicrobiology_cheeseqpcr","LIST={original = LIST={rdp19 = DATAFRAME(21 x 30), rdp16 = DATAFRAME(21 x 27)}, reprocessed = LIST={rdp19 = DATAFRAME(21 x 23), rdp16 = DATAFRAME(21 x 16)}} || LIST={original = LIST={rdp19 = DATAFRAME(21 x 30), rdp16 = DATAFRAME(21 x 27)}, reprocessed = LIST={rdp19 = DATAFRAME(21 x 23), rdp16 = DATAFRAME(21 x 16)}} || LIST={original = LIST={rdp19 = DATAFRAME(350 x 10), rdp16 = DATAFRAME(350 x 7)}, reprocessed = LIST={rdp19 = DATAFRAME(182 x 7), rdp16 = DATAFRAME(182 x 7)}} || DATAFRAME(25 x 12) || DATAFRAME(21 x 33)",TRUE,"datasetsfromrepo_validation.RData"
"Marotz2021","2021_marotz_mSystems_oral_mouthwash","LIST={original = DATAFRAME(137 x 140), reprocessed = LIST={rdp19 = DATAFRAME(712 x 408), rdp16 = DATAFRAME(712 x 309)}} || LIST={original = DATAFRAME(137 x 140), reprocessed = LIST={rdp19 = DATAFRAME(712 x 408), rdp16 = DATAFRAME(712 x 309)}} || LIST={original = DATAFRAME(340 x 9), reprocessed = LIST={rdp19 = DATAFRAME(3093 x 8), rdp16 = DATAFRAME(3093 x 8)}} || LIST={original = DATAFRAME(147 x 12), reprocessed = DATAFRAME(810 x 35)} || LIST={original = DATAFRAME(147 x 43), reprocessed = DATAFRAME(810 x 190)}",TRUE,"datasetsfromrepo_validation.RData"
"Vieira_Silva2019","2019_vieirasilva_naturemicrobiology_pscibd","LIST={original = NULL, reprocessed = LIST={rdp19 = NULL, rdp16 = NULL}} || LIST={original = DATAFRAME(160 x 303), reprocessed = LIST={rdp19 = NULL, rdp16 = NULL}} || LIST={original = DATAFRAME(303 x 1), reprocessed = LIST={rdp19 = NULL, rdp16 = NULL}} || DATAFRAME(173 x 4) || DATAFRAME(173 x 12)",TRUE,"datasetsfromrepo_validation.RData"
"Contijoch2019","2019_contijoch_elife_multispeciesqPCRshotgunandamplicon","LIST={original = LIST={amplicon = NULL, shotgun = NULL}, reprocessed = LIST={amplicon = LIST={rdp19 = DATAFRAME(1629 x 685), rdp16 = DATAFRAME(1629 x 479)}, shotgun = LIST={mOTU3 = NULL, MetaPhlAn4 = DATAFRAME(15 x 181)}}} || LIST={original = LIST={amplicon = NULL, shotgun = NULL}, reprocessed = LIST={amplicon = LIST={rdp19 = DATAFRAME(1629 x 685), rdp16 = DATAFRAME(1629 x 479)}, shotgun = LIST={mOTU3 = NULL, MetaPhlAn4 = DATAFRAME(15 x 181)}}} || LIST={original = LIST={amplicon = NULL, shotgun = NULL}, reprocessed = LIST={amplicon = LIST={rdp19 = DATAFRAME(13562 x 7), rdp16 = DATAFRAME(13562 x 7)}, shotgun = LIST={mOTU3 = NULL, MetaPhlAn4 = DATAFRAME(577 x 9)}}} || LIST={amplicon = DATAFRAME(1629 x 3), shotgun = DATAFRAME(15 x 3)} || LIST={amplicon = DATAFRAME(1629 x 57), shotgun = DATAFRAME(15 x 40)}",TRUE,"datasetsfromrepo_validation.RData"
"Tunsakul2024","2024_tunsakul_peerj_aerobicvsanaerobicinhealthyvsobesity","LIST={original = NULL, reprocessed = LIST={rdp19 = DATAFRAME(40 x 184), rdp16 = DATAFRAME(40 x 137)}} || LIST={original = NULL, reprocessed = LIST={rdp19 = DATAFRAME(40 x 184), rdp16 = DATAFRAME(40 x 137)}} || LIST={original = NULL, reprocessed = LIST={rdp19 = DATAFRAME(1489 x 7), rdp16 = DATAFRAME(1489 x 7)}} || DATAFRAME(40 x 4) || DATAFRAME(139 x 37)",TRUE,"datasetsfromrepo_validation.RData"
"Alessandri2024","2024_alessandri_microbbiotechnology_pcosvaginalmicrobiota","LIST={original = DATAFRAME(59 x 58), reprocessed = LIST={mOTU3 = NULL, MetaPhlAn4 = DATAFRAME(60 x 57)}} || LIST={original = DATAFRAME(59 x 58), reprocessed = LIST={mOTU3 = NULL, MetaPhlAn4 = DATAFRAME(60 x 57)}} || LIST={original = DATAFRAME(58 x 1), reprocessed = LIST={mOTU3 = NULL, MetaPhlAn4 = DATAFRAME(187 x 9)}} || DATAFRAME(60 x 3) || DATAFRAME(60 x 37)",TRUE,"datasetsfromrepo_validation.RData"
"Maghini2023","2023_maghini_naturebiotechnology_samplemesurement","LIST={original = DATAFRAME(204 x 835), reprocessed = LIST={mOTU3 = NULL, MetaPhlAn4 = DATAFRAME(205 x 842)}} || LIST={original = DATAFRAME(204 x 835), reprocessed = LIST={mOTU3 = NULL, MetaPhlAn4 = DATAFRAME(205 x 842)}} || LIST={original = DATAFRAME(835 x 1), reprocessed = LIST={mOTU3 = NULL, MetaPhlAn4 = DATAFRAME(2749 x 9)}} || DATAFRAME(225 x 8) || DATAFRAME(411 x 39)",TRUE,"datasetsfromrepo_validation.RData"
"Garcia_Martinez2024","2024_garciamartinez_bmcmicrobiology_ckdanddysbiosiswithserum","LIST={original = NULL, reprocessed = LIST={rdp19 = DATAFRAME(108 x 410), rdp16 = DATAFRAME(108 x 273)}} || LIST={original = NULL, reprocessed = LIST={rdp19 = DATAFRAME(108 x 410), rdp16 = DATAFRAME(108 x 273)}} || LIST={original = NULL, reprocessed = LIST={rdp19 = DATAFRAME(13943 x 7), rdp16 = DATAFRAME(13943 x 7)}} || DATAFRAME(114 x 4) || DATAFRAME(114 x 42)",TRUE,"datasetsfromrepo_validation.RData"
"Sternes2024","2024_sternes_frontmicrobiol_IBDppiqPCR","LIST={original = NULL, reprocessed = LIST={rdp19 = DATAFRAME(673 x 1226), rdp16 = DATAFRAME(673 x 943)}} || LIST={original = NULL, reprocessed = LIST={rdp19 = DATAFRAME(673 x 1226), rdp16 = DATAFRAME(673 x 943)}} || LIST={original = NULL, reprocessed = LIST={rdp19 = DATAFRAME(37714 x 7), rdp16 = DATAFRAME(37714 x 7)}} || DATAFRAME(675 x 11) || DATAFRAME(870 x 47)",TRUE,"datasetsfromrepo_validation.RData"
"Rao2021","2021_rao_nature_mkspikeseqmetagenomicmultiplescalequantification","LIST={original = LIST={combinedphases = LIST={bacteria = DATAFRAME(701 x 174), archaea = NULL, fungi = DATAFRAME(555 x 284)}, phase1 = LIST={bacteria = DATAFRAME(637 x 168), archaea = DATAFRAME(584 x 6), fungi = DATAFRAME(488 x 216)}, phase2 = LIST={bacteria = DATAFRAME(52 x 91), archaea = NULL, fungi = DATAFRAME(48 x 181)}, mock = LIST={bacteria = DATAFRAME(24 x 10), archaea = NULL, fungi = DATAFRAME(22 x 10), fecal = DATAFRAME(32 x 7)}}, reprocessed = LIST={rdp19 = DATAFRAME(2180 x 593), rdp16 = DATAFRAME(2180 x 467)}} || LIST={original = LIST={combinedphases = LIST={bacteria = DATAFRAME(701 x 174), archaea = NULL, fungi = DATAFRAME(555 x 284)}, phase1 = LIST={bacteria = DATAFRAME(637 x 168), archaea = DATAFRAME(584 x 6), fungi = DATAFRAME(488 x 216)}, phase2 = LIST={bacteria = DATAFRAME(52 x 91), archaea = NULL, fungi = DATAFRAME(48 x 181)}, mock = LIST={bacteria = NULL, archaea = NULL, fungi = NULL, fecal = NULL}}, reprocessed = LIST={rdp19 = DATAFRAME(2180 x 593), rdp16 = DATAFRAME(2180 x 467)}} || LIST={original = LIST={combinedphases = LIST={bacteria = DATAFRAME(810 x 9), archaea = NULL, fungi = DATAFRAME(881 x 9)}, phase1 = LIST={bacteria = NULL, archaea = NULL, fungi = NULL}, phase2 = LIST={bacteria = NULL, archaea = NULL, fungi = NULL}, mock = LIST={bacteria = DATAFRAME(10 x 3), archaea = NULL, fungi = DATAFRAME(10 x 3), fecal = DATAFRAME(106 x 8)}}, reprocessed = LIST={rdp19 = DATAFRAME(24678 x 7), rdp16 = DATAFRAME(24678 x 8)}} || LIST={combinedphases = DATAFRAME(2180 x 43), mockfecal = NULL, mockfungi = DATAFRAME(22 x 7), mockbacteria = DATAFRAME(24 x 7)} || DATAFRAME(3085 x 42)",TRUE,"datasetsfromrepo_validation.RData"
"Tettamanti_Boshier2020","2020_tettamantiboshier_msystems_vaginaltimeseries","LIST={original = DATAFRAME(667 x 365), reprocessed = LIST={rdp19 = DATAFRAME(1320 x 241), rdp16 = DATAFRAME(1320 x 194)}} || LIST={original = DATAFRAME(667 x 365), reprocessed = LIST={rdp19 = DATAFRAME(1320 x 241), rdp16 = DATAFRAME(1320 x 194)}} || LIST={original = DATAFRAME(365 x 1), reprocessed = LIST={rdp19 = DATAFRAME(5567 x 7), rdp16 = DATAFRAME(5567 x 8)}} || DATAFRAME(1320 x 6) || DATAFRAME(1320 x 48)",TRUE,"datasetsfromrepo_validation.RData"
"Kruger2024","2024_kruger_scientificreports_ddpcrhealthysubjects","LIST={original = LIST={metabolomics = DATAFRAME(30 x 11), amplicon = DATAFRAME(30 x 126)}, reprocessed = LIST={metabolomics = NULL, amplicon = LIST={rdp19 = DATAFRAME(30 x 239), rdp16 = DATAFRAME(30 x 155)}}} || LIST={original = LIST={metabolomics = DATAFRAME(30 x 11), amplicon = DATAFRAME(30 x 126)}, reprocessed = LIST={metabolomics = NULL, amplicon = LIST={rdp19 = DATAFRAME(30 x 239), rdp16 = DATAFRAME(30 x 155)}}} || LIST={original = LIST={metabolomics = DATAFRAME(9 x 1), amplicon = DATAFRAME(140 x 1)}, reprocessed = LIST={metabolomics = NULL, amplicon = LIST={rdp19 = DATAFRAME(2317 x 7), rdp16 = DATAFRAME(2317 x 7)}}} || DATAFRAME(30 x 13) || LIST={replicates = DATAFRAME(10 x 2680), metadata = DATAFRAME(52 x 61)}",TRUE,"datasetsfromrepo_validation.RData"
"Liu2017","2017_liu_mbio_penilehivqPCR","LIST={original = NULL, reprocessed = LIST={rdp19 = DATAFRAME(182 x 378), rdp16 = DATAFRAME(182 x 314)}} || LIST={original = NULL, reprocessed = LIST={rdp19 = DATAFRAME(182 x 378), rdp16 = DATAFRAME(182 x 314)}} || LIST={original = NULL, reprocessed = LIST={rdp19 = DATAFRAME(6929 x 7), rdp16 = DATAFRAME(6929 x 7)}} || DATAFRAME(182 x 4) || DATAFRAME(182 x 52)",TRUE,"datasetsfromrepo_validation.RData"
"Jin2022","2022_jin_natureComm_technicalReplicates","LIST={original = DATAFRAME(54 x 107), reprocessed = LIST={rdp19 = DATAFRAME(54 x 548), rdp16 = DATAFRAME(54 x 457)}} || LIST={original = DATAFRAME(54 x 107), reprocessed = LIST={rdp19 = DATAFRAME(54 x 548), rdp16 = DATAFRAME(54 x 457)}} || LIST={original = DATAFRAME(860 x 7), reprocessed = LIST={rdp19 = DATAFRAME(26864 x 9), rdp16 = DATAFRAME(26864 x 9)}} || DATAFRAME(64 x 8) || DATAFRAME(120 x 54)",TRUE,"datasetsfromrepo_validation.RData"
"Zaramela2022","2022_zaramela_msystems_synDNA","LIST={original = DATAFRAME(42 x 1146), reprocessed = LIST={mOTU3 = NULL, MetaPhlAn4 = DATAFRAME(21 x 215)}} || LIST={original = DATAFRAME(21 x 215), reprocessed = LIST={mOTU3 = NULL, MetaPhlAn4 = DATAFRAME(21 x 215)}} || LIST={original = DATAFRAME(5883 x 13), reprocessed = LIST={mOTU3 = NULL, MetaPhlAn4 = DATAFRAME(658 x 9)}} || DATAFRAME(42 x 7) || DATAFRAME(75 x 42)",TRUE,"datasetsfromrepo_validation.RData"
"Feng2023","2023_feng_imetawiley_chickensegment","LIST={original = LIST={16S = DATAFRAME(320 x 25), ITS = DATAFRAME(320 x 10)}, reprocessed = LIST={rdp19 = DATAFRAME(640 x 1448), rdp16 = DATAFRAME(640 x 1128)}} || LIST={original = LIST={16S = DATAFRAME(320 x 25), ITS = DATAFRAME(320 x 10)}, reprocessed = LIST={rdp19 = DATAFRAME(640 x 1448), rdp16 = DATAFRAME(640 x 1128)}} || LIST={original = LIST={16S = DATAFRAME(25 x 9), ITS = DATAFRAME(10 x 9)}, reprocessed = LIST={rdp19 = DATAFRAME(153159 x 7), rdp16 = DATAFRAME(153159 x 7)}} || DATAFRAME(640 x 6) || DATAFRAME(640 x 51)",TRUE,"datasetsfromrepo_validation.RData"
"Reese2022","2021_reese_cell_chimpanzee","LIST={original = NULL, reprocessed = LIST={rdp19 = DATAFRAME(611 x 890), rdp16 = DATAFRAME(611 x 708)}} || LIST={original = NULL, reprocessed = LIST={rdp19 = DATAFRAME(611 x 890), rdp16 = DATAFRAME(611 x 708)}} || LIST={original = NULL, reprocessed = LIST={rdp19 = DATAFRAME(16481 x 7), rdp16 = DATAFRAME(16481 x 7)}} || DATAFRAME(618 x 5) || DATAFRAME(618 x 72)",TRUE,"datasetsfromrepo_validation.RData"
"Barlow2020","2020_barlow_naturecommunications_miceGI","LIST={original = NULL, reprocessed = LIST={rdp19 = DATAFRAME(116 x 191), rdp16 = DATAFRAME(116 x 164)}} || LIST={original = DATAFRAME(103 x 131), reprocessed = LIST={rdp19 = DATAFRAME(116 x 191), rdp16 = DATAFRAME(116 x 164)}} || LIST={original = DATAFRAME(142 x 8), reprocessed = LIST={rdp19 = DATAFRAME(15954 x 7), rdp16 = DATAFRAME(15954 x 7)}} || DATAFRAME(126 x 5) || DATAFRAME(126 x 50)",TRUE,"datasetsfromrepo_validation.RData"
"Morton2019","2019_morton_naturecommunications_songbird_oral","LIST={original = DATAFRAME(32 x 65), reprocessed = LIST={amplicon = LIST={rdp19 = DATAFRAME(522 x 304), rdp16 = DATAFRAME(522 x 258)}, shotgun = LIST={mOTU3 = NULL, MetaPhlAn4 = DATAFRAME(96 x 285)}}} || LIST={original = DATAFRAME(96 x 285), reprocessed = LIST={amplicon = LIST={rdp19 = DATAFRAME(522 x 304), rdp16 = DATAFRAME(522 x 258)}, shotgun = LIST={mOTU3 = NULL, MetaPhlAn4 = DATAFRAME(96 x 285)}}} || LIST={original = DATAFRAME(485 x 10), reprocessed = LIST={amplicon = LIST={rdp19 = DATAFRAME(1574 x 7), rdp16 = DATAFRAME(1574 x 7)}, shotgun = LIST={mOTU3 = NULL, MetaPhlAn4 = DATAFRAME(828 x 9)}}} || LIST={original = DATAFRAME(32 x 19), reprocessed = DATAFRAME(620 x 40)} || LIST={original = DATAFRAME(32 x 50), reprocessed = DATAFRAME(620 x 143)}",TRUE,"datasetsfromrepo_validation.RData"
"Prochazkova2024","2024_prochazkova_naturemicrobiology_longitudinalhealthyflowfecal","LIST={original = NULL, reprocessed = LIST={rdp19 = DATAFRAME(57 x 316), rdp16 = DATAFRAME(57 x 226)}} || LIST={original = NULL, reprocessed = LIST={rdp19 = DATAFRAME(57 x 316), rdp16 = DATAFRAME(57 x 226)}} || LIST={original = NULL, reprocessed = LIST={rdp19 = DATAFRAME(2734 x 7), rdp16 = DATAFRAME(2734 x 7)}} || DATAFRAME(57 x 7) || DATAFRAME(369 x 52)",TRUE,"datasetsfromrepo_validation.RData"
"Zemb2020","2020_zemb_microOpen_spike","LIST={original = DATAFRAME(10 x 428), reprocessed = LIST={rdp19 = DATAFRAME(10 x 140), rdp16 = DATAFRAME(10 x 110)}} || LIST={original = DATAFRAME(10 x 428), reprocessed = LIST={rdp19 = DATAFRAME(10 x 140), rdp16 = DATAFRAME(10 x 110)}} || LIST={original = DATAFRAME(428 x 1), reprocessed = LIST={rdp19 = DATAFRAME(1142 x 7), rdp16 = DATAFRAME(1142 x 7)}} || DATAFRAME(24 x 18) || DATAFRAME(24 x 41)",TRUE,"datasetsfromrepo_validation.RData"
"Galazzo2020","2020_galazzo_frontiersincellularandinfectionmicrobiology_flowqPCRddPCRhealthy","LIST={original = NULL, reprocessed = LIST={rdp19 = DATAFRAME(66 x 280), rdp16 = DATAFRAME(66 x 194)}} || LIST={original = NULL, reprocessed = LIST={rdp19 = DATAFRAME(66 x 280), rdp16 = DATAFRAME(66 x 194)}} || LIST={original = NULL, reprocessed = LIST={rdp19 = DATAFRAME(2556 x 7), rdp16 = DATAFRAME(2556 x 7)}} || DATAFRAME(70 x 14) || DATAFRAME(66 x 81)",TRUE,"datasetsfromrepo_validation.RData"
"Lin2019","2019_lin_applenvironmicrobiol_16s18smarineecologyflowandspikein","LIST={original = NULL, reprocessed = LIST={rdp19 = LIST={16S = DATAFRAME(38 x 230)}, rdp16 = LIST={16S = DATAFRAME(38 x 204)}}} || LIST={original = NULL, reprocessed = LIST={rdp19 = LIST={16S = DATAFRAME(38 x 230)}, rdp16 = LIST={16S = DATAFRAME(38 x 204)}}} || LIST={original = NULL, reprocessed = LIST={rdp19 = LIST={16S = DATAFRAME(12844 x 7)}, rdp16 = LIST={16S = DATAFRAME(12844 x 7)}}} || DATAFRAME(56 x 4) || DATAFRAME(177 x 40)",TRUE,"datasetsfromrepo_validation.RData"
"Suriano2022","2022_suriano_aps_micefecal","LIST={original = NULL, reprocessed = LIST={rdp19 = DATAFRAME(187 x 2), rdp16 = DATAFRAME(187 x 4)}} || LIST={original = DATAFRAME(187 x 103), reprocessed = LIST={rdp19 = DATAFRAME(187 x 2), rdp16 = DATAFRAME(187 x 4)}} || LIST={original = DATAFRAME(179 x 7), reprocessed = LIST={rdp19 = DATAFRAME(6482 x 7), rdp16 = DATAFRAME(6482 x 7)}} || DATAFRAME(237 x 4) || DATAFRAME(187 x 52)",TRUE,"datasetsfromrepo_validation.RData"
"Thiruppathy2025","2025_thiruppathy_microbiome_relicDNAflow","LIST={original = DATAFRAME(123 x 98), reprocessed = LIST={mOTU3 = NULL, MetaPhlAn4 = DATAFRAME(123 x 266)}} || LIST={original = DATAFRAME(123 x 98), reprocessed = LIST={mOTU3 = NULL, MetaPhlAn4 = DATAFRAME(123 x 266)}} || LIST={original = DATAFRAME(122 x 11), reprocessed = LIST={mOTU3 = NULL, MetaPhlAn4 = DATAFRAME(784 x 9)}} || DATAFRAME(144 x 5) || DATAFRAME(144 x 77)",TRUE,"datasetsfromrepo_validation.RData"
"Kallastu2023","2023_kallastu_research_foodscience_food","LIST={original = NULL, reprocessed = LIST={rdp19 = DATAFRAME(10 x 53), rdp16 = DATAFRAME(10 x 53)}} || LIST={original = NULL, reprocessed = LIST={rdp19 = DATAFRAME(10 x 53), rdp16 = DATAFRAME(10 x 53)}} || LIST={original = NULL, reprocessed = LIST={rdp19 = DATAFRAME(190 x 7), rdp16 = DATAFRAME(190 x 7)}} || DATAFRAME(10 x 11) || DATAFRAME(10 x 34)",TRUE,"datasetsfromrepo_validation.RData"
