FileConf	FileName.x	TotalReads	Configuration.x	FwdRev	OTUID	variable	value	FileName.y	Configuration.y	Normalized	Isolate
ERR1877982_1_trim50_synthetic16S	ERR1877982_1	602474	trim50_synthetic16S	foward	Bv5501	ERR1877982_1.fastq.trimmed.fastq_trim50.fastq_synthetic16S	3	ERR1877982_1	trim50_synthetic16S	0.05	ERR1877982
ERR1877982_1_trim50_synthetic16S	ERR1877982_1	602474	trim50_synthetic16S	foward	Ca5501	ERR1877982_1.fastq.trimmed.fastq_trim50.fastq_synthetic16S	15	ERR1877982_1	trim50_synthetic16S	0.25	ERR1877982
ERR1877982_1_trim50_synthetic16S	ERR1877982_1	602474	trim50_synthetic16S	foward	Ec5001	ERR1877982_1.fastq.trimmed.fastq_trim50.fastq_synthetic16S	22	ERR1877982_1	trim50_synthetic16S	0.366666666666667	ERR1877982
ERR1877982_1_trim50_synthetic16S	ERR1877982_1	602474	trim50_synthetic16S	foward	Ec5002	ERR1877982_1.fastq.trimmed.fastq_trim50.fastq_synthetic16S	35	ERR1877982_1	trim50_synthetic16S	0.583333333333333	ERR1877982
ERR1877982_1_trim50_synthetic16S	ERR1877982_1	602474	trim50_synthetic16S	foward	Ec5003	ERR1877982_1.fastq.trimmed.fastq_trim50.fastq_synthetic16S	34	ERR1877982_1	trim50_synthetic16S	0.566666666666667	ERR1877982
ERR1877982_1_trim50_synthetic16S	ERR1877982_1	602474	trim50_synthetic16S	foward	Ec5004	ERR1877982_1.fastq.trimmed.fastq_trim50.fastq_synthetic16S	25	ERR1877982_1	trim50_synthetic16S	0.416666666666667	ERR1877982
ERR1877982_1_trim50_synthetic16S	ERR1877982_1	602474	trim50_synthetic16S	foward	Ec5005	ERR1877982_1.fastq.trimmed.fastq_trim50.fastq_synthetic16S	38	ERR1877982_1	trim50_synthetic16S	0.633333333333333	ERR1877982
ERR1877982_1_trim50_synthetic16S	ERR1877982_1	602474	trim50_synthetic16S	foward	Ec5501	ERR1877982_1.fastq.trimmed.fastq_trim50.fastq_synthetic16S	49	ERR1877982_1	trim50_synthetic16S	0.816666666666667	ERR1877982
ERR1877982_1_trim50_synthetic16S	ERR1877982_1	602474	trim50_synthetic16S	foward	Ec5502	ERR1877982_1.fastq.trimmed.fastq_trim50.fastq_synthetic16S	28	ERR1877982_1	trim50_synthetic16S	0.466666666666667	ERR1877982
ERR1877982_1_trim50_synthetic16S	ERR1877982_1	602474	trim50_synthetic16S	foward	Ec6001	ERR1877982_1.fastq.trimmed.fastq_trim50.fastq_synthetic16S	48	ERR1877982_1	trim50_synthetic16S	0.8	ERR1877982
ERR1877982_1_trim50_synthetic16S	ERR1877982_1	602474	trim50_synthetic16S	foward	Ga5501	ERR1877982_1.fastq.trimmed.fastq_trim50.fastq_synthetic16S	17	ERR1877982_1	trim50_synthetic16S	0.283333333333333	ERR1877982
ERR1877982_1_trim50_synthetic16S	ERR1877982_1	602474	trim50_synthetic16S	foward	Tb5501	ERR1877982_1.fastq.trimmed.fastq_trim50.fastq_synthetic16S	6	ERR1877982_1	trim50_synthetic16S	0.1	ERR1877982
SRR10015223_1_trim50_synthetic16S	SRR10015223_1	6183315	trim50_synthetic16S	foward	Bv5501	SRR10015223_1.fastq.trimmed.fastq_trim50.fastq_synthetic16S	62	SRR10015223_1	trim50_synthetic16S	0.885714285714286	SRR10015223
SRR10015223_1_trim50_synthetic16S	SRR10015223_1	6183315	trim50_synthetic16S	foward	Ca5501	SRR10015223_1.fastq.trimmed.fastq_trim50.fastq_synthetic16S	90	SRR10015223_1	trim50_synthetic16S	1.28571428571429	SRR10015223
SRR10015223_1_trim50_synthetic16S	SRR10015223_1	6183315	trim50_synthetic16S	foward	Ec5001	SRR10015223_1.fastq.trimmed.fastq_trim50.fastq_synthetic16S	203	SRR10015223_1	trim50_synthetic16S	2.9	SRR10015223
SRR10015223_1_trim50_synthetic16S	SRR10015223_1	6183315	trim50_synthetic16S	foward	Ec5002	SRR10015223_1.fastq.trimmed.fastq_trim50.fastq_synthetic16S	311	SRR10015223_1	trim50_synthetic16S	4.44285714285714	SRR10015223
SRR10015223_1_trim50_synthetic16S	SRR10015223_1	6183315	trim50_synthetic16S	foward	Ec5003	SRR10015223_1.fastq.trimmed.fastq_trim50.fastq_synthetic16S	266	SRR10015223_1	trim50_synthetic16S	3.8	SRR10015223
SRR10015223_1_trim50_synthetic16S	SRR10015223_1	6183315	trim50_synthetic16S	foward	Ec5004	SRR10015223_1.fastq.trimmed.fastq_trim50.fastq_synthetic16S	317	SRR10015223_1	trim50_synthetic16S	4.52857142857143	SRR10015223
SRR10015223_1_trim50_synthetic16S	SRR10015223_1	6183315	trim50_synthetic16S	foward	Ec5005	SRR10015223_1.fastq.trimmed.fastq_trim50.fastq_synthetic16S	362	SRR10015223_1	trim50_synthetic16S	5.17142857142857	SRR10015223
SRR10015223_1_trim50_synthetic16S	SRR10015223_1	6183315	trim50_synthetic16S	foward	Ec5501	SRR10015223_1.fastq.trimmed.fastq_trim50.fastq_synthetic16S	514	SRR10015223_1	trim50_synthetic16S	7.34285714285714	SRR10015223
SRR10015223_1_trim50_synthetic16S	SRR10015223_1	6183315	trim50_synthetic16S	foward	Ec5502	SRR10015223_1.fastq.trimmed.fastq_trim50.fastq_synthetic16S	262	SRR10015223_1	trim50_synthetic16S	3.74285714285714	SRR10015223
SRR10015223_1_trim50_synthetic16S	SRR10015223_1	6183315	trim50_synthetic16S	foward	Ec6001	SRR10015223_1.fastq.trimmed.fastq_trim50.fastq_synthetic16S	421	SRR10015223_1	trim50_synthetic16S	6.01428571428571	SRR10015223
SRR10015223_1_trim50_synthetic16S	SRR10015223_1	6183315	trim50_synthetic16S	foward	Ga5501	SRR10015223_1.fastq.trimmed.fastq_trim50.fastq_synthetic16S	336	SRR10015223_1	trim50_synthetic16S	4.8	SRR10015223
SRR10015223_1_trim50_synthetic16S	SRR10015223_1	6183315	trim50_synthetic16S	foward	Tb5501	SRR10015223_1.fastq.trimmed.fastq_trim50.fastq_synthetic16S	82	SRR10015223_1	trim50_synthetic16S	1.17142857142857	SRR10015223
SRR1217786_trim50_synthetic16S	SRR1217786	7625939	trim50_synthetic16S	singleend	Bv5501	SRR1217786.fastq.trimmed.fastq_trim50.fastq_synthetic16S	0	SRR1217786	trim50_synthetic16S	0	SRR1217786
SRR1217786_trim50_synthetic16S	SRR1217786	7625939	trim50_synthetic16S	singleend	Ca5501	SRR1217786.fastq.trimmed.fastq_trim50.fastq_synthetic16S	1961	SRR1217786	trim50_synthetic16S	26.1466666666667	SRR1217786
SRR1217786_trim50_synthetic16S	SRR1217786	7625939	trim50_synthetic16S	singleend	Ec5001	SRR1217786.fastq.trimmed.fastq_trim50.fastq_synthetic16S	8	SRR1217786	trim50_synthetic16S	0.106666666666667	SRR1217786
SRR1217786_trim50_synthetic16S	SRR1217786	7625939	trim50_synthetic16S	singleend	Ec5002	SRR1217786.fastq.trimmed.fastq_trim50.fastq_synthetic16S	31	SRR1217786	trim50_synthetic16S	0.413333333333333	SRR1217786
SRR1217786_trim50_synthetic16S	SRR1217786	7625939	trim50_synthetic16S	singleend	Ec5003	SRR1217786.fastq.trimmed.fastq_trim50.fastq_synthetic16S	60	SRR1217786	trim50_synthetic16S	0.8	SRR1217786
SRR1217786_trim50_synthetic16S	SRR1217786	7625939	trim50_synthetic16S	singleend	Ec5004	SRR1217786.fastq.trimmed.fastq_trim50.fastq_synthetic16S	46	SRR1217786	trim50_synthetic16S	0.613333333333333	SRR1217786
SRR1217786_trim50_synthetic16S	SRR1217786	7625939	trim50_synthetic16S	singleend	Ec5005	SRR1217786.fastq.trimmed.fastq_trim50.fastq_synthetic16S	157	SRR1217786	trim50_synthetic16S	2.09333333333333	SRR1217786
SRR1217786_trim50_synthetic16S	SRR1217786	7625939	trim50_synthetic16S	singleend	Ec5501	SRR1217786.fastq.trimmed.fastq_trim50.fastq_synthetic16S	93	SRR1217786	trim50_synthetic16S	1.24	SRR1217786
SRR1217786_trim50_synthetic16S	SRR1217786	7625939	trim50_synthetic16S	singleend	Ec5502	SRR1217786.fastq.trimmed.fastq_trim50.fastq_synthetic16S	15	SRR1217786	trim50_synthetic16S	0.2	SRR1217786
SRR1217786_trim50_synthetic16S	SRR1217786	7625939	trim50_synthetic16S	singleend	Ec6001	SRR1217786.fastq.trimmed.fastq_trim50.fastq_synthetic16S	29	SRR1217786	trim50_synthetic16S	0.386666666666667	SRR1217786
SRR1217786_trim50_synthetic16S	SRR1217786	7625939	trim50_synthetic16S	singleend	Ga5501	SRR1217786.fastq.trimmed.fastq_trim50.fastq_synthetic16S	60	SRR1217786	trim50_synthetic16S	0.8	SRR1217786
SRR1217786_trim50_synthetic16S	SRR1217786	7625939	trim50_synthetic16S	singleend	Tb5501	SRR1217786.fastq.trimmed.fastq_trim50.fastq_synthetic16S	1	SRR1217786	trim50_synthetic16S	0.0133333333333333	SRR1217786
SRR1700598_trim50_synthetic16S	SRR1700598	3983577	trim50_synthetic16S	singleend	Bv5501	SRR1700598.fastq.trimmed.fastq_trim50.fastq_synthetic16S	0	SRR1700598	trim50_synthetic16S	0	SRR1700598
SRR1700598_trim50_synthetic16S	SRR1700598	3983577	trim50_synthetic16S	singleend	Ca5501	SRR1700598.fastq.trimmed.fastq_trim50.fastq_synthetic16S	2622	SRR1700598	trim50_synthetic16S	79.4545454545455	SRR1700598
SRR1700598_trim50_synthetic16S	SRR1700598	3983577	trim50_synthetic16S	singleend	Ec5001	SRR1700598.fastq.trimmed.fastq_trim50.fastq_synthetic16S	20	SRR1700598	trim50_synthetic16S	0.606060606060606	SRR1700598
SRR1700598_trim50_synthetic16S	SRR1700598	3983577	trim50_synthetic16S	singleend	Ec5002	SRR1700598.fastq.trimmed.fastq_trim50.fastq_synthetic16S	43	SRR1700598	trim50_synthetic16S	1.3030303030303	SRR1700598
SRR1700598_trim50_synthetic16S	SRR1700598	3983577	trim50_synthetic16S	singleend	Ec5003	SRR1700598.fastq.trimmed.fastq_trim50.fastq_synthetic16S	86	SRR1700598	trim50_synthetic16S	2.60606060606061	SRR1700598
SRR1700598_trim50_synthetic16S	SRR1700598	3983577	trim50_synthetic16S	singleend	Ec5004	SRR1700598.fastq.trimmed.fastq_trim50.fastq_synthetic16S	86	SRR1700598	trim50_synthetic16S	2.60606060606061	SRR1700598
SRR1700598_trim50_synthetic16S	SRR1700598	3983577	trim50_synthetic16S	singleend	Ec5005	SRR1700598.fastq.trimmed.fastq_trim50.fastq_synthetic16S	121	SRR1700598	trim50_synthetic16S	3.66666666666667	SRR1700598
SRR1700598_trim50_synthetic16S	SRR1700598	3983577	trim50_synthetic16S	singleend	Ec5501	SRR1700598.fastq.trimmed.fastq_trim50.fastq_synthetic16S	59	SRR1700598	trim50_synthetic16S	1.78787878787879	SRR1700598
SRR1700598_trim50_synthetic16S	SRR1700598	3983577	trim50_synthetic16S	singleend	Ec5502	SRR1700598.fastq.trimmed.fastq_trim50.fastq_synthetic16S	29	SRR1700598	trim50_synthetic16S	0.878787878787879	SRR1700598
SRR1700598_trim50_synthetic16S	SRR1700598	3983577	trim50_synthetic16S	singleend	Ec6001	SRR1700598.fastq.trimmed.fastq_trim50.fastq_synthetic16S	124	SRR1700598	trim50_synthetic16S	3.75757575757576	SRR1700598
SRR1700598_trim50_synthetic16S	SRR1700598	3983577	trim50_synthetic16S	singleend	Ga5501	SRR1700598.fastq.trimmed.fastq_trim50.fastq_synthetic16S	72	SRR1700598	trim50_synthetic16S	2.18181818181818	SRR1700598
SRR1700598_trim50_synthetic16S	SRR1700598	3983577	trim50_synthetic16S	singleend	Tb5501	SRR1700598.fastq.trimmed.fastq_trim50.fastq_synthetic16S	0	SRR1700598	trim50_synthetic16S	0	SRR1700598
SRR4140225_1_trim50_synthetic16S	SRR4140225_1	4610293	trim50_synthetic16S	foward	Bv5501	SRR4140225_1.fastq.trimmed.fastq_trim50.fastq_synthetic16S	5	SRR4140225_1	trim50_synthetic16S	0.102040816326531	SRR4140225
SRR4140225_1_trim50_synthetic16S	SRR4140225_1	4610293	trim50_synthetic16S	foward	Ca5501	SRR4140225_1.fastq.trimmed.fastq_trim50.fastq_synthetic16S	83	SRR4140225_1	trim50_synthetic16S	1.69387755102041	SRR4140225
SRR4140225_1_trim50_synthetic16S	SRR4140225_1	4610293	trim50_synthetic16S	foward	Ec5001	SRR4140225_1.fastq.trimmed.fastq_trim50.fastq_synthetic16S	1	SRR4140225_1	trim50_synthetic16S	0.0204081632653061	SRR4140225
SRR4140225_1_trim50_synthetic16S	SRR4140225_1	4610293	trim50_synthetic16S	foward	Ec5002	SRR4140225_1.fastq.trimmed.fastq_trim50.fastq_synthetic16S	0	SRR4140225_1	trim50_synthetic16S	0	SRR4140225
SRR4140225_1_trim50_synthetic16S	SRR4140225_1	4610293	trim50_synthetic16S	foward	Ec5003	SRR4140225_1.fastq.trimmed.fastq_trim50.fastq_synthetic16S	0	SRR4140225_1	trim50_synthetic16S	0	SRR4140225
SRR4140225_1_trim50_synthetic16S	SRR4140225_1	4610293	trim50_synthetic16S	foward	Ec5004	SRR4140225_1.fastq.trimmed.fastq_trim50.fastq_synthetic16S	1	SRR4140225_1	trim50_synthetic16S	0.0204081632653061	SRR4140225
SRR4140225_1_trim50_synthetic16S	SRR4140225_1	4610293	trim50_synthetic16S	foward	Ec5005	SRR4140225_1.fastq.trimmed.fastq_trim50.fastq_synthetic16S	1	SRR4140225_1	trim50_synthetic16S	0.0204081632653061	SRR4140225
SRR4140225_1_trim50_synthetic16S	SRR4140225_1	4610293	trim50_synthetic16S	foward	Ec5501	SRR4140225_1.fastq.trimmed.fastq_trim50.fastq_synthetic16S	0	SRR4140225_1	trim50_synthetic16S	0	SRR4140225
SRR4140225_1_trim50_synthetic16S	SRR4140225_1	4610293	trim50_synthetic16S	foward	Ec5502	SRR4140225_1.fastq.trimmed.fastq_trim50.fastq_synthetic16S	0	SRR4140225_1	trim50_synthetic16S	0	SRR4140225
SRR4140225_1_trim50_synthetic16S	SRR4140225_1	4610293	trim50_synthetic16S	foward	Ec6001	SRR4140225_1.fastq.trimmed.fastq_trim50.fastq_synthetic16S	3	SRR4140225_1	trim50_synthetic16S	0.0612244897959184	SRR4140225
SRR4140225_1_trim50_synthetic16S	SRR4140225_1	4610293	trim50_synthetic16S	foward	Ga5501	SRR4140225_1.fastq.trimmed.fastq_trim50.fastq_synthetic16S	35	SRR4140225_1	trim50_synthetic16S	0.714285714285714	SRR4140225
SRR4140225_1_trim50_synthetic16S	SRR4140225_1	4610293	trim50_synthetic16S	foward	Tb5501	SRR4140225_1.fastq.trimmed.fastq_trim50.fastq_synthetic16S	1688	SRR4140225_1	trim50_synthetic16S	34.4489795918367	SRR4140225
SRR5327338_trim50_synthetic16S	SRR5327338	43192	trim50_synthetic16S	singleend	Bv5501	SRR5327338.fastq.trimmed.fastq_trim50.fastq_synthetic16S	0	SRR5327338	trim50_synthetic16S	0	SRR5327338
SRR5327338_trim50_synthetic16S	SRR5327338	43192	trim50_synthetic16S	singleend	Ca5501	SRR5327338.fastq.trimmed.fastq_trim50.fastq_synthetic16S	1	SRR5327338	trim50_synthetic16S	0.025	SRR5327338
SRR5327338_trim50_synthetic16S	SRR5327338	43192	trim50_synthetic16S	singleend	Ec5001	SRR5327338.fastq.trimmed.fastq_trim50.fastq_synthetic16S	0	SRR5327338	trim50_synthetic16S	0	SRR5327338
SRR5327338_trim50_synthetic16S	SRR5327338	43192	trim50_synthetic16S	singleend	Ec5002	SRR5327338.fastq.trimmed.fastq_trim50.fastq_synthetic16S	0	SRR5327338	trim50_synthetic16S	0	SRR5327338
SRR5327338_trim50_synthetic16S	SRR5327338	43192	trim50_synthetic16S	singleend	Ec5003	SRR5327338.fastq.trimmed.fastq_trim50.fastq_synthetic16S	0	SRR5327338	trim50_synthetic16S	0	SRR5327338
SRR5327338_trim50_synthetic16S	SRR5327338	43192	trim50_synthetic16S	singleend	Ec5004	SRR5327338.fastq.trimmed.fastq_trim50.fastq_synthetic16S	1	SRR5327338	trim50_synthetic16S	0.025	SRR5327338
SRR5327338_trim50_synthetic16S	SRR5327338	43192	trim50_synthetic16S	singleend	Ec5005	SRR5327338.fastq.trimmed.fastq_trim50.fastq_synthetic16S	0	SRR5327338	trim50_synthetic16S	0	SRR5327338
SRR5327338_trim50_synthetic16S	SRR5327338	43192	trim50_synthetic16S	singleend	Ec5501	SRR5327338.fastq.trimmed.fastq_trim50.fastq_synthetic16S	0	SRR5327338	trim50_synthetic16S	0	SRR5327338
SRR5327338_trim50_synthetic16S	SRR5327338	43192	trim50_synthetic16S	singleend	Ec5502	SRR5327338.fastq.trimmed.fastq_trim50.fastq_synthetic16S	0	SRR5327338	trim50_synthetic16S	0	SRR5327338
SRR5327338_trim50_synthetic16S	SRR5327338	43192	trim50_synthetic16S	singleend	Ec6001	SRR5327338.fastq.trimmed.fastq_trim50.fastq_synthetic16S	0	SRR5327338	trim50_synthetic16S	0	SRR5327338
SRR5327338_trim50_synthetic16S	SRR5327338	43192	trim50_synthetic16S	singleend	Ga5501	SRR5327338.fastq.trimmed.fastq_trim50.fastq_synthetic16S	0	SRR5327338	trim50_synthetic16S	0	SRR5327338
SRR5327338_trim50_synthetic16S	SRR5327338	43192	trim50_synthetic16S	singleend	Tb5501	SRR5327338.fastq.trimmed.fastq_trim50.fastq_synthetic16S	0	SRR5327338	trim50_synthetic16S	0	SRR5327338
SRR6485762_1_trim50_synthetic16S	SRR6485762_1	1591762	trim50_synthetic16S	foward	Bv5501	SRR6485762_1.fastq.trimmed.fastq_trim50.fastq_synthetic16S	0	SRR6485762_1	trim50_synthetic16S	0	SRR6485762
SRR6485762_1_trim50_synthetic16S	SRR6485762_1	1591762	trim50_synthetic16S	foward	Ca5501	SRR6485762_1.fastq.trimmed.fastq_trim50.fastq_synthetic16S	11	SRR6485762_1	trim50_synthetic16S	0.733333333333333	SRR6485762
SRR6485762_1_trim50_synthetic16S	SRR6485762_1	1591762	trim50_synthetic16S	foward	Ec5001	SRR6485762_1.fastq.trimmed.fastq_trim50.fastq_synthetic16S	2	SRR6485762_1	trim50_synthetic16S	0.133333333333333	SRR6485762
SRR6485762_1_trim50_synthetic16S	SRR6485762_1	1591762	trim50_synthetic16S	foward	Ec5002	SRR6485762_1.fastq.trimmed.fastq_trim50.fastq_synthetic16S	0	SRR6485762_1	trim50_synthetic16S	0	SRR6485762
SRR6485762_1_trim50_synthetic16S	SRR6485762_1	1591762	trim50_synthetic16S	foward	Ec5003	SRR6485762_1.fastq.trimmed.fastq_trim50.fastq_synthetic16S	0	SRR6485762_1	trim50_synthetic16S	0	SRR6485762
SRR6485762_1_trim50_synthetic16S	SRR6485762_1	1591762	trim50_synthetic16S	foward	Ec5004	SRR6485762_1.fastq.trimmed.fastq_trim50.fastq_synthetic16S	0	SRR6485762_1	trim50_synthetic16S	0	SRR6485762
SRR6485762_1_trim50_synthetic16S	SRR6485762_1	1591762	trim50_synthetic16S	foward	Ec5005	SRR6485762_1.fastq.trimmed.fastq_trim50.fastq_synthetic16S	0	SRR6485762_1	trim50_synthetic16S	0	SRR6485762
SRR6485762_1_trim50_synthetic16S	SRR6485762_1	1591762	trim50_synthetic16S	foward	Ec5501	SRR6485762_1.fastq.trimmed.fastq_trim50.fastq_synthetic16S	0	SRR6485762_1	trim50_synthetic16S	0	SRR6485762
SRR6485762_1_trim50_synthetic16S	SRR6485762_1	1591762	trim50_synthetic16S	foward	Ec5502	SRR6485762_1.fastq.trimmed.fastq_trim50.fastq_synthetic16S	1	SRR6485762_1	trim50_synthetic16S	0.0666666666666667	SRR6485762
SRR6485762_1_trim50_synthetic16S	SRR6485762_1	1591762	trim50_synthetic16S	foward	Ec6001	SRR6485762_1.fastq.trimmed.fastq_trim50.fastq_synthetic16S	0	SRR6485762_1	trim50_synthetic16S	0	SRR6485762
SRR6485762_1_trim50_synthetic16S	SRR6485762_1	1591762	trim50_synthetic16S	foward	Ga5501	SRR6485762_1.fastq.trimmed.fastq_trim50.fastq_synthetic16S	21	SRR6485762_1	trim50_synthetic16S	1.4	SRR6485762
SRR6485762_1_trim50_synthetic16S	SRR6485762_1	1591762	trim50_synthetic16S	foward	Tb5501	SRR6485762_1.fastq.trimmed.fastq_trim50.fastq_synthetic16S	1	SRR6485762_1	trim50_synthetic16S	0.0666666666666667	SRR6485762
SRR8060827_1_trim50_synthetic16S	SRR8060827_1	1390532	trim50_synthetic16S	foward	Bv5501	SRR8060827_1.fastq.trimmed.fastq_trim50.fastq_synthetic16S	377	SRR8060827_1	trim50_synthetic16S	37.7	SRR8060827
SRR8060827_1_trim50_synthetic16S	SRR8060827_1	1390532	trim50_synthetic16S	foward	Ca5501	SRR8060827_1.fastq.trimmed.fastq_trim50.fastq_synthetic16S	0	SRR8060827_1	trim50_synthetic16S	0	SRR8060827
SRR8060827_1_trim50_synthetic16S	SRR8060827_1	1390532	trim50_synthetic16S	foward	Ec5001	SRR8060827_1.fastq.trimmed.fastq_trim50.fastq_synthetic16S	0	SRR8060827_1	trim50_synthetic16S	0	SRR8060827
SRR8060827_1_trim50_synthetic16S	SRR8060827_1	1390532	trim50_synthetic16S	foward	Ec5002	SRR8060827_1.fastq.trimmed.fastq_trim50.fastq_synthetic16S	2	SRR8060827_1	trim50_synthetic16S	0.2	SRR8060827
SRR8060827_1_trim50_synthetic16S	SRR8060827_1	1390532	trim50_synthetic16S	foward	Ec5003	SRR8060827_1.fastq.trimmed.fastq_trim50.fastq_synthetic16S	0	SRR8060827_1	trim50_synthetic16S	0	SRR8060827
SRR8060827_1_trim50_synthetic16S	SRR8060827_1	1390532	trim50_synthetic16S	foward	Ec5004	SRR8060827_1.fastq.trimmed.fastq_trim50.fastq_synthetic16S	1	SRR8060827_1	trim50_synthetic16S	0.1	SRR8060827
SRR8060827_1_trim50_synthetic16S	SRR8060827_1	1390532	trim50_synthetic16S	foward	Ec5005	SRR8060827_1.fastq.trimmed.fastq_trim50.fastq_synthetic16S	0	SRR8060827_1	trim50_synthetic16S	0	SRR8060827
SRR8060827_1_trim50_synthetic16S	SRR8060827_1	1390532	trim50_synthetic16S	foward	Ec5501	SRR8060827_1.fastq.trimmed.fastq_trim50.fastq_synthetic16S	0	SRR8060827_1	trim50_synthetic16S	0	SRR8060827
SRR8060827_1_trim50_synthetic16S	SRR8060827_1	1390532	trim50_synthetic16S	foward	Ec5502	SRR8060827_1.fastq.trimmed.fastq_trim50.fastq_synthetic16S	1	SRR8060827_1	trim50_synthetic16S	0.1	SRR8060827
SRR8060827_1_trim50_synthetic16S	SRR8060827_1	1390532	trim50_synthetic16S	foward	Ec6001	SRR8060827_1.fastq.trimmed.fastq_trim50.fastq_synthetic16S	1	SRR8060827_1	trim50_synthetic16S	0.1	SRR8060827
SRR8060827_1_trim50_synthetic16S	SRR8060827_1	1390532	trim50_synthetic16S	foward	Ga5501	SRR8060827_1.fastq.trimmed.fastq_trim50.fastq_synthetic16S	43	SRR8060827_1	trim50_synthetic16S	4.3	SRR8060827
SRR8060827_1_trim50_synthetic16S	SRR8060827_1	1390532	trim50_synthetic16S	foward	Tb5501	SRR8060827_1.fastq.trimmed.fastq_trim50.fastq_synthetic16S	7	SRR8060827_1	trim50_synthetic16S	0.7	SRR8060827
SRR896066_1_trim50_synthetic16S	SRR896066_1	4113167	trim50_synthetic16S	foward	Bv5501	SRR896066_1.fastq.trimmed.fastq_trim50.fastq_synthetic16S	5	SRR896066_1	trim50_synthetic16S	0.131578947368421	SRR896066
SRR896066_1_trim50_synthetic16S	SRR896066_1	4113167	trim50_synthetic16S	foward	Ca5501	SRR896066_1.fastq.trimmed.fastq_trim50.fastq_synthetic16S	38	SRR896066_1	trim50_synthetic16S	1	SRR896066
SRR896066_1_trim50_synthetic16S	SRR896066_1	4113167	trim50_synthetic16S	foward	Ec5001	SRR896066_1.fastq.trimmed.fastq_trim50.fastq_synthetic16S	0	SRR896066_1	trim50_synthetic16S	0	SRR896066
SRR896066_1_trim50_synthetic16S	SRR896066_1	4113167	trim50_synthetic16S	foward	Ec5002	SRR896066_1.fastq.trimmed.fastq_trim50.fastq_synthetic16S	0	SRR896066_1	trim50_synthetic16S	0	SRR896066
SRR896066_1_trim50_synthetic16S	SRR896066_1	4113167	trim50_synthetic16S	foward	Ec5003	SRR896066_1.fastq.trimmed.fastq_trim50.fastq_synthetic16S	0	SRR896066_1	trim50_synthetic16S	0	SRR896066
SRR896066_1_trim50_synthetic16S	SRR896066_1	4113167	trim50_synthetic16S	foward	Ec5004	SRR896066_1.fastq.trimmed.fastq_trim50.fastq_synthetic16S	1	SRR896066_1	trim50_synthetic16S	0.0263157894736842	SRR896066
SRR896066_1_trim50_synthetic16S	SRR896066_1	4113167	trim50_synthetic16S	foward	Ec5005	SRR896066_1.fastq.trimmed.fastq_trim50.fastq_synthetic16S	0	SRR896066_1	trim50_synthetic16S	0	SRR896066
SRR896066_1_trim50_synthetic16S	SRR896066_1	4113167	trim50_synthetic16S	foward	Ec5501	SRR896066_1.fastq.trimmed.fastq_trim50.fastq_synthetic16S	0	SRR896066_1	trim50_synthetic16S	0	SRR896066
SRR896066_1_trim50_synthetic16S	SRR896066_1	4113167	trim50_synthetic16S	foward	Ec5502	SRR896066_1.fastq.trimmed.fastq_trim50.fastq_synthetic16S	0	SRR896066_1	trim50_synthetic16S	0	SRR896066
SRR896066_1_trim50_synthetic16S	SRR896066_1	4113167	trim50_synthetic16S	foward	Ec6001	SRR896066_1.fastq.trimmed.fastq_trim50.fastq_synthetic16S	1	SRR896066_1	trim50_synthetic16S	0.0263157894736842	SRR896066
SRR896066_1_trim50_synthetic16S	SRR896066_1	4113167	trim50_synthetic16S	foward	Ga5501	SRR896066_1.fastq.trimmed.fastq_trim50.fastq_synthetic16S	9	SRR896066_1	trim50_synthetic16S	0.236842105263158	SRR896066
SRR896066_1_trim50_synthetic16S	SRR896066_1	4113167	trim50_synthetic16S	foward	Tb5501	SRR896066_1.fastq.trimmed.fastq_trim50.fastq_synthetic16S	1106	SRR896066_1	trim50_synthetic16S	29.1052631578947	SRR896066
